asin,Title,MainImage,Rating,NumberOfReviews,Items,MoreInfo,unit,category
B07XRD15PJ,"Fresh Produce Garlic ,1kg",https://m.media-amazon.com/images/I/41IEVnRTdDL.jpg,,, GARLIC  ,"Brand: Fresh Produce,Weight: 1 Kilograms,Temperature Condition: Fresh,Number of Pieces: 1",,"
                Grocery & Gourmet Food
            ,
                Produce
            ,
                Fresh Vegetables
            ,
                 Garlic
             "
B010OVUPAO,"Oranges Navel Large, 1 Ct.",https://m.media-amazon.com/images/I/51WiPnrNZbL.jpg,,, Product of United States of America  ,,,"
                Grocery & Gourmet Food
            ,
                Produce
            ,
                 Fresh Fruits
             "
B010OWF92W,"Organic Banana, 1 Each",https://m.media-amazon.com/images/I/412mP9sPn8L.jpg,,, Product of Ecuador  ,,,"
                Grocery & Gourmet Food
            ,
                Produce
            ,
                 Fresh Fruits
             "
B010OVPV5S,"Seedless Green Grapes, 1 Pound",https://m.media-amazon.com/images/I/51Zu57-OkdL.jpg,3.2,10 ratings, Product of United States of America  ,,,"
                Grocery & Gourmet Food
            ,
                Produce
            ,
                 Fresh Fruits
             "
B01K8RTY88,"Apple Gala, 1 Count",https://m.media-amazon.com/images/I/51GpOATtQPL.jpg,5.0,2 ratings,,,,"
                Grocery & Gourmet Food
            ,
                Produce
            ,
                 Fresh Fruits
             "
B08821BX1C,"Jumbo Blueberries, 9.8 OZ",https://m.media-amazon.com/images/I/41QQ9OOvPQL.jpg,4.7,"1,181 ratings"," Big on size | Mighty Blues are over twice the size of an average Blueberry  , Burst of flavor | Mighty Blues big on flavor and are the perfect addition to any meal, snack, or dessert  , Antioxidant boost | These berries are packed with antioxidants and essential vitamins like Vitamin C  , Globally local | Our focus on innovation ensures year-round availability of locally grown and globally local fruit  ",,,"
                Grocery & Gourmet Food
            ,
                Produce
            ,
                Fresh Fruits
            ,
                 Berries
             "
B077ZXHWHH,"Kiwi Organic, 1 Each",https://m.media-amazon.com/images/I/41Ez8uw4gdL.jpg,4.6,"6,889 ratings"," Selected and stored fresh  , Sourced with high quality standards  , Recommended to wash before consuming  , Delicious on their own as a healthy snack or as part of a recipe  ","Size: 1 Count,Brand: Produce (Brands May Vary),Diet Type: Paleo, Gluten Free, Vegan",,"
                Grocery & Gourmet Food
            ,
                Produce
            ,
                Fresh Fruits
            ,
                 Tropical & Exotic Fruit
             "
B00E3JAP5Y,"Bi-color or White Corn, 4 ct Tray Pack (Brand May Vary)",https://m.media-amazon.com/images/I/51zl3si6I7L.jpg,4.6,"6,535 ratings"," Note: Brand May Vary  , Fresh corn on the cob  , 4 ct tray  , Great for your at-home cooking or grilling  ","Diet Type: Paleo, Vegetarian, Vegan,Item Form: Vegetable,Brand: Produce aisle,Temperature Condition: Fresh,Number of Pieces: 4",,"
                Grocery & Gourmet Food
            ,
                Produce
            ,
                Packaged Produce
            ,
                 Cut & Packaged Vegetables
             "
B07FTYGLYQ,"PRODUCE Cara Cara Navel Oranges, 48 OZ",https://m.media-amazon.com/images/I/41Wx5OHPjjL.jpg,4.5,845 ratings, Oranges  ,"Weight: 3 Pounds,Size: 3 Pound (Pack of 1),Brand: Produce (Brands May Vary),Diet Type: Paleo, Vegetarian, Vegan,Package Weight: 58.2 Ounces",,"
                Grocery & Gourmet Food
            ,
                Produce
            ,
                Fresh Fruits
            ,
                Citrus Fruits
            ,
                 Oranges
             "
B01LAYXIWG,"Taylor Farms Teriyaki Stir Fry Kit, 12.5 oz",https://m.media-amazon.com/images/I/51EjZ-0YY-L.jpg,4.6,"3,739 ratings"," Washed and ready to enjoy  , From bag to table in less than 7 minutes  , Excellent source of Vitamins A & C  , Stir Fry Kit veggies and teriyaki sauce included  , Dairy Free, Nut Free, Vegan & Vegetarian  ","Flavor: Teriyaki,Brand: Taylor Farms,Weight: 12.5 Ounces,Allergen Information: Soy, Wheat,Package Weight: 0.41 Kilograms",,"
                Grocery & Gourmet Food
            ,
                Produce
            ,
                Packaged Produce
            ,
                 Cut & Packaged Vegetables
             "
B0093J41PE,"Fisher Walnut Halves and Pieces, 16 Ounces, California Grown Walnuts, Unsalted, Naturally Gluten Free, No Preservatives, Non-GMO",https://m.media-amazon.com/images/I/51heVwhQoKL.jpg,4.7,"22,328 ratings"," Rich and Nutty Flavor – With 4 grams of plant-based protein and 2 grams of fiber per serving, Fisher Walnuts are perfect for baking and make a great addition to your breakfast, appetizers, salads, and of course ice cream  , Fisher Fresh – Fisher’s Freshness Seal locks in flavor and re-seals our signature stand up resealable bag to keep nuts fresh even after opening  , California Walnuts – Northern California grown, no preservatives, naturally gluten free, Non-GMO Project verified, American Heart Association certified, vegan, and keto nuts  , Walnuts Bulk – Contains 16 ounces of walnut halves and pieces unsalted. Shelled Walnuts. 16 ounces = 4 1/3 cups  , About Fisher – We are committed to bringing you the Fisher quality you trust. We have been delivering quality nuts for 100 years and we oversee the whole journey, from the farm to your kitchen  ","Flavor: Walnut,Brand: Fisher Nuts,Allergen Information: Milk Free, Peanuts, Tree Nuts, Fish Free, Crustacean Free, Wheat Free,Item Form: Sliced,Specialty: GMO Free",,"
                Grocery & Gourmet Food
            ,
                Pantry Staples
            ,
                Cooking & Baking
            ,
                Nuts & Seeds
            ,
                 Walnuts
             "
B01LEZL7RE,"Zespri, Green Kiwis, 1lb",https://m.media-amazon.com/images/I/51yK8fvMzyL.jpg,4.7,"3,800 ratings"," Zespri Kiwi has a tangy-sweet taste and a vibrant emerald green color inside.  , No peeling necessary! Just cut in half, scoop with a spoon and enjoy!  , Ripe kiwi should yield to slight pressure like a peach or avocado. Once ripe, keep in the fridge to maintain freshness.  , Nutritional Powerhouse - High in Vitamin C and contains more than 20 vitamins and minerals.  , Zespri is owned by 2500 growers dedicated to perfecting their craft of growing kiwifruit for over 25 years. Look for the Zespri brand for consistent quality and superior flavor in kiwifruit.  , Grown in New Zealand  ","Weight: 1 Pounds,Brand: Zespri,Specialty: Local,Diet Type: Vegetarian,Package Weight: 0.57 Kilograms",,"
                Grocery & Gourmet Food
            ,
                Produce
            ,
                Fresh Fruits
            ,
                 Tropical & Exotic Fruit
             "
B0031Q80UM,"Organic Red Raspberries, 6 oz",https://m.media-amazon.com/images/I/41+abEMM-SL.jpg,4.7,"15,885 ratings"," Wash before consuming  , Grown in the Unite States or Mexico  , Certified Organic  , Delicious on their own as a healthy snack or as part of a recipe  ","Weight: 6 Ounces,Size: 0.5 PT,Brand: Produce,Specialty: Organic, Vegan,Diet Type: Paleo, Gluten Free, Vegan",,"
                Grocery & Gourmet Food
            ,
                Produce
            ,
                Fresh Fruits
            ,
                 Berries
             "
B010OVSO8E,"Aloe Vera Leaves, 1 Ct.",https://m.media-amazon.com/images/I/41WykZOa3-L.jpg,,, Product of Mexico  ,,,"
                Grocery & Gourmet Food
            ,
                Produce
            ,
                 Fresh Vegetables
             "
B0979F94WC,"Fresh Brand – Organic Soup Blend, 0.5 oz",https://m.media-amazon.com/images/I/414e8QsQlsL.jpg,4.6,125 ratings," 0.5-ounce package of rosemary, thyme, oregano and bay leaf  , USDA Organic  , Wash before use  , Our Fresh brand products are all about high-quality food that fits every budget, every day.  , An Amazon Brand  ","Brand: Fresh,Item Form: Vegetable,Package Information: Pouch,Weight: 0.5 Ounces,Package Weight: 0.02 Kilograms",,"
                Grocery & Gourmet Food
            ,
                Produce
            ,
                 Fresh Vegetables
             "
B07FZ83QRZ,Organic Baby Bok Choy,https://m.media-amazon.com/images/I/41SPjzL5o2L.jpg,4.7,"3,276 ratings"," Selected and stored fresh  , Sourced with high quality standards  , Recommended to wash before consuming  , Delicious on their own as a healthy snack or as part of a recipe  ","Diet Type: Paleo, Gluten Free, Vegan,Item Form: Whole,Brand: Produce,Weight: 1 Pounds",,"
                Grocery & Gourmet Food
            ,
                Produce
            ,
                Fresh Vegetables
            ,
                 Leafy Greens
             "
B09HQJGQDG,"Organic Leeks, 1 Bunch",https://m.media-amazon.com/images/I/319zsk-SpiL.jpg,4.6,223 ratings," Organic Leeks, One Bunch, Great for Cooking  ","Diet Type: Paleo, Vegetarian, Vegan,Item Form: Whole,Brand: Produce,Weight: 1 Pounds,Temperature Condition: Fresh",,"
                Grocery & Gourmet Food
            ,
                Produce
            ,
                Fresh Vegetables
            ,
                 Onions & Shallots
             "
B00E3JLSWI,"Sunset Wild Wonders Tomatoes, 12oz",https://m.media-amazon.com/images/I/51R3kvo4jML.jpg,4.7,"23,836 ratings"," Non-GMO verified; a healthy choice for families  , The perfect display to snack on; a variety of colorful and flavorful tomatoes.  , Low in saturated fat and cholesterol  , Rich in lycopene, a powerful antioxidant that can help prevent cancer.  ","Diet Type: Vegetarian, Vegan, Plant Based,Item Form: Whole,Brand: Wild Wonders,Weight: 12 Ounces,Specialty: Vegan",,"
                Grocery & Gourmet Food
            ,
                Produce
            ,
                Fresh Vegetables
            ,
                 Tomatoes
             "
B077L639WX,"365 by Whole Foods Market, Organic Cauliflower Florets, 10 Ounce",https://m.media-amazon.com/images/I/41Y8YRS3I1L.jpg,4.6,"5,442 ratings"," 365 by Whole Foods Market products give you that dance-down-the-aisles feeling, virtual aisles too! Our huge range of choices with premium ingredients at prices you can get down with makes grocery shopping so much more than tossing the basics in your cart.  ","Diet Type: Vegan,Item Form: Whole,Brand: 365 by Whole Foods Market,Weight: 0.63 Pounds",,"
                Grocery & Gourmet Food
            ,
                Produce
            ,
                Packaged Produce
            ,
                 Cut & Packaged Vegetables
             "
B0787VQG58,"Leeks Organic, 1 Bunch",https://m.media-amazon.com/images/I/31yIxFWZtAL.jpg,4.7,"4,306 ratings"," Selected and stored fresh  , Sourced with high quality standards  , Recommended to wash before consuming  , Delicious on their own as a healthy snack or as part of a recipe  ","Diet Type: Paleo, Gluten Free, Vegan,Brand: Produce (Brands May Vary),Weight: 2.44 Pounds",,"
                Grocery & Gourmet Food
            ,
                Produce
            ,
                Fresh Vegetables
            ,
                 Onions & Shallots
             "
B000NSGULC,Cantaloupe Melon,https://m.media-amazon.com/images/I/41gaze1+TgL.jpg,4.4,"17,177 ratings"," Grown in United States, Guatemala or Honduras  , Can be stored at room temperature when whole, once sliced be sure to wrap and store in the refrigerator  ","Weight: 3.14 Pounds,Size: 1 EA,Brand: Produce,Specialty: Vegan,Diet Type: Paleo, Gluten Free, Vegan",,"
                Grocery & Gourmet Food
            ,
                Produce
            ,
                Fresh Fruits
            ,
                 Melons
             "
B09V3L5ZYM,PRODUCE Pineapple Chunks Small,https://m.media-amazon.com/images/I/310rhg2kQWL.jpg,4.3,5 ratings, Our fresh cut fruit is hand selected and cut in house to ensure the highest quality  ,,,"
                Grocery & Gourmet Food
            ,
                Produce
            ,
                Packaged Produce
            ,
                 Cut & Packaged Fruits
             "
B097F2BR6K,"Fresh Brand – Organic Tarragon, 0.5 oz",https://m.media-amazon.com/images/I/41FIydc7XOL.jpg,4.7,191 ratings," 0.5-ounce package of tarragon  , USDA Organic  , Wash before use  , Our Fresh brand products are all about high-quality food that fits every budget, every day.  , An Amazon Brand  ","Brand: Fresh,Item Form: Vegetable,Weight: 0.5 Ounces,Variety: Parsley,Mint,Anise,Basil,Tarragon,Package Weight: 0.02 Kilograms",,"
                Grocery & Gourmet Food
            ,
                Produce
            ,
                Fresh Herbs
            ,
                 Tarragon
             "
B00KMM8I6Y,"Taylor Farms Spinach, 9 oz Bag",https://m.media-amazon.com/images/I/41g+2i7bM3L.jpg,4.8,"6,171 ratings"," Washed and ready to enjoy  , Excellent source of Vitamins A & C  , High in folate  , Good source of Iron, Potassium & Magnesium  , Recipe ready  ","Diet Type: Vegetarian,Item Form: Whole,Brand: Taylor Farms,Specialty: Vegan",,"
                Grocery & Gourmet Food
            ,
                Produce
            ,
                Packaged Produce
            ,
                 Packaged Greens & Salad Mixes
             "
B07FZ352BB,Organic Hannah (White) Sweet Potatoes,https://m.media-amazon.com/images/I/31X661YqYKL.jpg,4.6,"1,031 ratings"," Selected and stored fresh  , Sourced with high quality standards  , Recommended to wash before consuming  , Delicious on their own as a healthy snack or as part of a recipe  ","Item Form: Whole,Brand: Produce,Weight: 1 Pounds",,"
                Grocery & Gourmet Food
            ,
                Produce
            ,
                Fresh Vegetables
            ,
                Potatoes & Yams
            ,
                 Sweet Potatoes
             "
B07D6TRRJQ,"Sugar Snap Peas Conventional Sourced For Good, 8 Ounce Bag",https://m.media-amazon.com/images/I/414f4VUZgjL.jpg,4.5,"2,268 ratings"," Only from Whole Foods Market, our Sourced for Good program helps support workers, communities and environmental stewardship where our products are sourced.  ","Brand: Produce aisle,Weight: 0.5 Pounds,Item Form: Whole,Package Weight: 0.25 Kilograms",,"
                Grocery & Gourmet Food
            ,
                Produce
            ,
                Fresh Vegetables
            ,
                 Peas & Beans
             "
B000RGZNAO,Organic Green Seedless Grapes,https://m.media-amazon.com/images/I/41AtUnsK2EL.jpg,4.6,"7,053 ratings"," Wash before consuming  , Grown in United States or Mexico  , Certified Organic  ","Size: 1 Pound,Brand: Produce aisle,Specialty: Organic, Vegan,Diet Type: Vegetarian,Package Weight: 0.54 Kilograms",,"
                Grocery & Gourmet Food
            ,
                Produce
            ,
                Fresh Fruits
            ,
                 Grapes
             "
B000P6X4WA,"Avocados, 4 Count",https://m.media-amazon.com/images/I/41EcSbjlvRL.jpg,4.5,"4,858 ratings"," Selected and stored fresh  , Sourced with high quality standards  , Recommended to wash before consuming  , Delicious on their own as a healthy snack or as part of a recipe  ","Weight: 0.12 Pounds,Size: 4 Count,Brand: Produce aisle,Specialty: Vegan,Diet Type: Vegetarian",,"
                Grocery & Gourmet Food
            ,
                Produce
            ,
                Fresh Fruits
            ,
                 Avocados
             "
B00KMM8CO2,"Taylor Farms Spring Mix, 5 oz Bag",https://m.media-amazon.com/images/I/41vCQH1acBL.jpg,4.7,"5,222 ratings"," Washed and ready to enjoy  , High in Vitamins A & C  , Recipe ready  ","Diet Type: Kosher,Brand: Taylor Farms,Weight: 0.31 Pounds,Specialty: Vegan",,"
                Grocery & Gourmet Food
            ,
                Produce
            ,
                Packaged Produce
            ,
                 Packaged Greens & Salad Mixes
             "
B07FZ84BDS,Cotton Candy Grapes,https://m.media-amazon.com/images/I/41RlxuBtUkL.jpg,4.5,885 ratings," Selected and stored fresh  , Sourced with high quality standards  , Recommended to wash before consuming  , Delicious on their own as a healthy snack or as part of a recipe  ","Weight: 1.7 Pounds,Size: 1 LB,Brand: PRODUCE,Diet Type: Vegetarian,Package Weight: 1.7 Pounds",,"
                Grocery & Gourmet Food
            ,
                Produce
            ,
                Fresh Fruits
            ,
                 Grapes
             "
B09XXV8H97,"Bagged Hass Avocados, 6 Count",https://m.media-amazon.com/images/I/51wccFWxt8L.jpg,4.3,900 ratings," Selected and stored fresh  , Sourced with high quality standards  , Recommended to wash before consuming  , Delicious on their own as a healthy snack or as part of a recipe  ","Size: 6 Count (Pack of 1),Brand: Produce,Diet Type: Vegetarian,Number of Pieces: 6 NaN,Temperature Condition: Fresh",,"
                Grocery & Gourmet Food
            ,
                Produce
            ,
                Fresh Fruits
            ,
                 Avocados
             "
B0040QYLW8,Organic English Seedless Cucumber,https://m.media-amazon.com/images/I/413jSOOXhmL.jpg,4.6,"6,588 ratings"," It's high in beneficial nutrients  , Contains Antioxidants  , Cucumbers are a refreshing, nutritious and incredibly versatile addition to any diet.  ","Diet Type: Paleo, Gluten Free, Vegan,Item Form: Whole,Brand: Produce aisle,Weight: 0.7 Pounds,Specialty: Organic, Vegan",,"
                Grocery & Gourmet Food
            ,
                Produce
            ,
                Fresh Vegetables
            ,
                 Cucumbers
             "
B077N7TR5G,"Organic Blueberry, 12 Ounce",https://m.media-amazon.com/images/I/41ztFVI9nmL.jpg,4.7,"17,755 ratings"," Wash before consuming  , Grown in United States, Argentina, Mexico, Uruguay, Chile, Peru, or Canada  , Certified Organic  , Delicious on their own as a healthy snack or as part of a recipe  , Store in the refrigerator for maximum shelf life  ","Weight: 0.75 Pounds,Size: 1 PT,Brand: Produce,Specialty: Organic,Diet Type: Paleo, Vegetarian, Vegan",,"
                Grocery & Gourmet Food
            ,
                Produce
            ,
                Fresh Fruits
            ,
                 Berries
             "
B07BBMYF2J,"Greens Spinach Organic, 1 Bunch",https://m.media-amazon.com/images/I/41tnOoihY2L.jpg,4.7,"5,045 ratings"," Selected and stored fresh  , Sourced with high quality standards  , Recommended to wash before consuming  , Delicious on their own as a healthy snack or as part of a recipe  ","Diet Type: Paleo, Gluten Free, Vegan,Item Form: With stem and leaf,Brand: Produce (Brands May Vary),Number of Pieces: 1",,"
                Grocery & Gourmet Food
            ,
                Produce
            ,
                Fresh Vegetables
            ,
                Leafy Greens
            ,
                 Spinach
             "
B003IMETAO,organicgirl Organic Romaine Heart Leaves 7 oz,https://m.media-amazon.com/images/I/41gHAM-LsyL.jpg,4.6,"8,973 ratings"," USDA Organic  , Triple Washed and Ready-to-Eat!  , Clamshells are made from 100% recycled plastic and are 100% recyclable!!  , Re-sealable to maintain freshness  , This item will usually be the Organic Girl Brand  ","Diet Type: Paleo, Gluten Free, Vegan,Brand: Organicgirl,Weight: 7 Ounces,Temperature Condition: Fresh,Specialty: Organic, Vegan",,"
                Grocery & Gourmet Food
            ,
                Produce
            ,
                Packaged Produce
            ,
                 Cut & Packaged Vegetables
             "
B077L6XDNP,"365 by Whole Foods Market, Shaved Brussels Sprouts, 12 Ounce",https://m.media-amazon.com/images/I/518jPqxxuOL.jpg,4.6,"12,619 ratings"," 365 by Whole Foods Market products give you that dance-down-the-aisles feeling, virtual aisles too! Our huge range of choices with premium ingredients at prices you can get down with makes grocery shopping so much more than tossing the basics in your cart.  ","Diet Type: Vegan,Item Form: Shaved,Brand: 365 by Whole Foods Market,Weight: 0.75 Pounds,Temperature Condition: Fresh",,"
                Grocery & Gourmet Food
            ,
                Produce
            ,
                Packaged Produce
            ,
                 Cut & Packaged Vegetables
             "
B077L4X8T9,"365 by Whole Foods Market, Organic Broccoli Slaw, 12 Ounce",https://m.media-amazon.com/images/I/519LkTRP7yL.jpg,4.6,"9,755 ratings"," Selected and stored fresh  , Sourced with high quality standards  , Recommended to wash before consuming  , Delicious on their own as a healthy snack or as part of a recipe  ","Brand: 365 by Whole Foods Market,Flavor: Broccoli,Weight: 0.75 Pounds,Size: 12 Ounce,Specialty: Dairy-Free, Keto-Friendly, Paleo-Friendly",,"
                Grocery & Gourmet Food
            ,
                Produce
            ,
                Packaged Produce
            ,
                 Cut & Packaged Vegetables
             "
B09HQJL4N4,"Organic Kale, 1 Bunch",https://m.media-amazon.com/images/I/31ot-nx7W+L.jpg,4.5,315 ratings,,"Diet Type: Paleo, Vegetarian, Vegan,Brand: Produce,Number of Pieces: 1",,"
                Grocery & Gourmet Food
            ,
                Produce
            ,
                Packaged Produce
            ,
                 Cut & Packaged Vegetables
             "
B07XVZLV79,"Fresh Brand – Sliced Baby Bella Mushrooms, 8 oz",https://m.media-amazon.com/images/I/51bx26mfoAL.jpg,4.7,"11,231 ratings"," 8-ounce package of sliced baby bella mushrooms  , No preservatives  , Pre-sliced to reduce prep time  , Our Fresh brand products are all about high-quality food that fits every budget, every day.  , An Amazon Brand  ","Diet Type: Paleo, Vegetarian, Vegan,Item Form: Vegetable,Brand: Fresh,Weight: 8 Ounces,Temperature Condition: Fresh",,"
                Grocery & Gourmet Food
            ,
                Produce
            ,
                Fresh Vegetables
            ,
                 Mushrooms & Truffles
             "
B08GHP4J11,"Fresh Brand – Organic Granny Smith Apples, 2 lb",https://m.media-amazon.com/images/I/41k6sCVCUwL.jpg,4.7,"3,584 ratings"," 2-pound bag of organic Granny Smith apples  , Certified Organic  , Tart and crunchy; Ready to eat, great for snacking  , No preservatives  , Meets or exceeds U.S. Extra Fancy grade standards  , Our Fresh brand products are all about high-quality food that fits every budget, every day.  , An Amazon Brand  ","Weight: 2 Pounds,Brand: Fresh,Specialty: Organic,Diet Type: Vegetarian,Package Weight: 0.91 Kilograms",,"
                Grocery & Gourmet Food
            ,
                Produce
            ,
                Fresh Fruits
            ,
                Apples
            ,
                 Granny Smith
             "
B002B8Z98W,"Organic Strawberries, 1 lb",https://m.media-amazon.com/images/I/418clqDq-dL.jpg,4.7,"28,672 ratings"," Selected and stored fresh  , Sourced with high quality standards  , Recommended to wash before consuming  , Delicious on their own as a healthy snack or as part of a recipe  ",,,"
                Grocery & Gourmet Food
            ,
                Produce
            ,
                Fresh Fruits
            ,
                 Berries
             "
B000P6G2N8,Eggplant,https://m.media-amazon.com/images/I/310IOCIK0rL.jpg,4.5,"6,836 ratings"," Grown in United States, Mexico or Canada  , The creamy flesh is enjoyably bitter tasting with several small, soft edible seeds. Size may Differ  ","Diet Type: Paleo, Vegetarian, Vegan,Item Form: Vegetable,Brand: Produce,Weight: 1.04 Pounds,Temperature Condition: Fresh",,"
                Grocery & Gourmet Food
            ,
                Produce
            ,
                Fresh Vegetables
            ,
                 Eggplant
             "
B07FYY7BDN,Papaya Strawberry Organic,https://m.media-amazon.com/images/I/41KCAyR7S1L.jpg,4.4,66 ratings," Selected and stored fresh  , Sourced with high quality standards  , Recommended to wash before consuming  , Delicious on their own as a healthy snack or as part of a recipe  ",,,"
                Grocery & Gourmet Food
            ,
                Produce
            ,
                Fresh Fruits
            ,
                 Tropical & Exotic Fruit
             "
B07HWRZ925,"Onion Red Bag Conventional, 32 Ounce",https://m.media-amazon.com/images/I/31XnIV9NFGL.jpg,4.7,347 ratings," Selected and stored fresh  , Sourced with high quality standards  , Recommended to wash before consuming  , Delicious on their own as a healthy snack or as part of a recipe  ","Diet Type: Vegetarian,Item Form: Whole,Brand: Produce (Brands May Vary),Weight: 32 Ounces",,"
                Grocery & Gourmet Food
            ,
                Produce
            ,
                Fresh Vegetables
            ,
                 Onions & Shallots
             "
B07NQZTTF8,Red Cara Cara Navel Orange,https://m.media-amazon.com/images/I/410Am+1hwFL.jpg,4.6,"2,883 ratings"," Selected and stored fresh  , Sourced with high quality standards  , Recommended to wash before consuming  , Delicious on their own as a healthy snack or as part of a recipe  ","Weight: 0.6 Pounds,Size: 1 Pound,Brand: Produce,Diet Type: Paleo, Gluten Free, Vegan,Package Weight: 0.6 Pounds",,"
                Grocery & Gourmet Food
            ,
                Produce
            ,
                Fresh Fruits
            ,
                Citrus Fruits
            ,
                 Oranges
             "
B07XLV61C9,"Fresh Brand – Whole Carrots, 16 oz",https://m.media-amazon.com/images/I/312-yTqx0zL.jpg,4.7,"13,861 ratings"," 16-ounce (1-pound) bag of whole carrots  , No preservatives  , Certified Non-GMO  , Grown in the United States  , Our Fresh brand products are all about high-quality food that fits every budget, every day.  , An Amazon Brand  ","Diet Type: Paleo, Vegetarian, Vegan,Item Form: Whole,Brand: Fresh,Weight: 16 Ounces,Temperature Condition: Fresh",,"
                Grocery & Gourmet Food
            ,
                Produce
            ,
                Fresh Vegetables
            ,
                Root Vegetables
            ,
                 Carrots
             "
B087YWJ3KM,Fresh Southern California Meyer Lemons from Sunny Temecula 5lbs,https://m.media-amazon.com/images/I/51ulac-GTaL.jpg,4.4,11 ratings," Grown in sunny Temecula, California.  , Meyer lemons contains more sugar less acid than regular lemons.  , Seasonal produce. Good for candied peels, chutney, cocktails, fruit salads, Limoncello and much more!  , Each order contains 5+lbs, roughly 16 pieces total.  , Fast shipping via USPS Priority Mail, packed with care.  ","Weight: 5 Pounds,Brand: The Waterspout,Number of Pieces: 16 NaN,Temperature Condition: Fresh",,"
                Grocery & Gourmet Food
            ,
                Produce
            ,
                Fresh Fruits
            ,
                Citrus Fruits
            ,
                 Lemons
             "
B0785VRYVH,"Greens Collard Organic, 1 Bunch",https://m.media-amazon.com/images/I/41lRtBLJJsL.jpg,4.7,"4,468 ratings", Greens Cooking  ,"Diet Type: Paleo, Gluten Free, Vegan,Item Form: With stem and leaf,Brand: Produce (Brands May Vary),Number of Pieces: 1",,"
                Grocery & Gourmet Food
            ,
                Produce
            ,
                Fresh Vegetables
            ,
                Leafy Greens
            ,
                 Collard Greens
             "
B097F2NFB4,"Fresh Brand – Organic Oregano, 0.5 oz",https://m.media-amazon.com/images/I/41AOT+6gtlL.jpg,4.6,577 ratings," 0.5-ounce package of oregano  , USDA Organic  , Wash before use  , Our Fresh brand products are all about high-quality food that fits every budget, every day.  , An Amazon Brand  ","Brand: Fresh,Item Form: Vegetable,Weight: 0.5 Ounces,Variety: Oregano,Package Weight: 0.02 Kilograms",,"
                Grocery & Gourmet Food
            ,
                Produce
            ,
                Fresh Herbs
            ,
                 Oregano
             "
B07FZFGF16,"Organic Carrots, 1 Bunch",https://m.media-amazon.com/images/I/41ZInO1t2VL.jpg,4.7,"4,336 ratings", Grown in United States or Mexico  ,"Diet Type: Paleo, Vegetarian, Gluten Free,Item Form: Whole,Brand: Produce (Brands May Vary),Weight: 0.66 Pounds,Number of Pieces: 1",,"
                Grocery & Gourmet Food
            ,
                Produce
            ,
                Fresh Vegetables
            ,
                Root Vegetables
            ,
                 Carrots
             "
B09V3BV6BN,PRODUCE Watermelon Chunks Medium,https://m.media-amazon.com/images/I/31SQwO52e7L.jpg,4.3,83 ratings, Our fresh cut fruit is hand selected and cut in house to ensure the highest quality  ,,,"
                Grocery & Gourmet Food
            ,
                Produce
            ,
                Packaged Produce
            ,
                Cut & Packaged Fruits
            ,
                 Melon
             "
B077LF2ZMR,"365 by Whole Foods Market, Organic Broccoli Florets, 10 Ounce",https://m.media-amazon.com/images/I/51wRq1WGYIL.jpg,4.7,"14,355 ratings"," 365 by Whole Foods Market products give you that dance-down-the-aisles feeling, virtual aisles too! Our huge range of choices with premium ingredients at prices you can get down with makes grocery shopping so much more than tossing the basics in your cart.  ","Diet Type: Paleo,Item Form: Chunk,Brand: 365 by Whole Foods Market,Weight: 0.71 Pounds,Temperature Condition: Fresh",,"
                Grocery & Gourmet Food
            ,
                Produce
            ,
                Packaged Produce
            ,
                 Cut & Packaged Vegetables
             "
B002GIUGVM,Mini Seedless Watermelon,https://m.media-amazon.com/images/I/51E-Z8INuzL.jpg,4.3,"17,161 ratings"," Sweet, crisp and contain an abundance of juice  , Watermelons add a sweet flavor to fruit salads or when used in fruit drinks  , Can be stored at room temperature when whole, once sliced be sure to wrap and store in the refrigerator  ","Size: 1 Count,Brand: Produce aisle,Specialty: Vegan,Diet Type: Vegetarian,Package Weight: 0.45 Kilograms",,"
                Grocery & Gourmet Food
            ,
                Produce
            ,
                Fresh Fruits
            ,
                 Melons
             "
B07NQCSBBK,"365 by Whole Foods Market, Baby Bella Sliced Mushrooms, 8 Ounce",https://m.media-amazon.com/images/I/412SXhfCCEL.jpg,4.7,"18,150 ratings"," Selected and stored fresh  , Sourced with high quality standards  , Recommended to wash before consuming  , Delicious on their own as a healthy snack or as part of a recipe  ",,,"
                Grocery & Gourmet Food
            ,
                Produce
            ,
                Fresh Vegetables
            ,
                Mushrooms & Truffles
            ,
                 Portabello
             "
B07QTP66B9,"Mushroom Portobello Whole Organic, 6 Ounce",https://m.media-amazon.com/images/I/41Ai7W7VKVL.jpg,4.8,"2,067 ratings", Organic  ,,,"
                Grocery & Gourmet Food
            ,
                Produce
            ,
                Fresh Vegetables
            ,
                Mushrooms & Truffles
            ,
                 Portabello
             "
B08331R5ZC,"Fresh Brand – Cut Mango, 20 oz",https://m.media-amazon.com/images/I/41S9GACwmpL.jpg,4.2,"1,580 ratings"," 20-ounce container of cut mango  , Ready to eat  , No preservatives  , Great for on-the-go snacking  , Our Fresh brand products are all about high-quality food that fits every budget, every day.  ","Weight: 20 Ounces,Brand: Fresh,Specialty: Vegan,Diet Type: Vegetarian,Package Weight: 0.61 Kilograms",,"
                Grocery & Gourmet Food
            ,
                Produce
            ,
                Packaged Produce
            ,
                Cut & Packaged Fruits
            ,
                 Mangoes
             "
B08GHD5MSJ,"Fresh Brand – Organic Fuji Apples, 2 lb",https://m.media-amazon.com/images/I/411Ns1r0BvL.jpg,4.6,"5,850 ratings"," 2-pound bag of organic Fuji apples  , Certified Organic; No preservatives  , Extra sweet  , Meets or exceeds U.S. Extra Fancy grade standards  , Ready to eat, great for snacking  , Our Fresh brand products are all about high-quality food that fits every budget, every day.  , An Amazon Brand  ","Weight: 2 Pounds,Brand: Fresh,Specialty: Organic,Diet Type: Vegetarian,Package Weight: 0.91 Kilograms",,"
                Grocery & Gourmet Food
            ,
                Produce
            ,
                Fresh Fruits
            ,
                Apples
            ,
                 Fuji
             "
B097F3NT7N,"Fresh Brand – Organic Mint, 3 oz",https://m.media-amazon.com/images/I/51tf308RVZL.jpg,4.6,986 ratings," 3-ounce package of mint  , USDA Organic  , Wash before use  , Our Fresh brand products are all about high-quality food that fits every budget, every day.  , An Amazon Brand  ",,,"
                Grocery & Gourmet Food
            ,
                Produce
            ,
                Fresh Herbs
            ,
                 Mint
             "
B097F2CWSH,"Fresh Brand – Organic Parsley, 0.5 oz",https://m.media-amazon.com/images/I/41ztQHE73PL.jpg,4.5,872 ratings," 0.5-ounce package of parsley  , USDA Organic  , Wash before use  , Our Fresh brand products are all about high-quality food that fits every budget, every day.  , An Amazon Brand  ","Brand: Fresh,Item Form: Vegetable,Weight: 0.5 Ounces,Variety: Parsley,Package Weight: 0.02 Kilograms",,"
                Grocery & Gourmet Food
            ,
                Produce
            ,
                Fresh Herbs
            ,
                 Parsley
             "
B097F45CFH,"Fresh Brand – Organic Thyme, 0.5 oz",https://m.media-amazon.com/images/I/41UEcSFbehL.jpg,4.7,"1,926 ratings"," 0.5-ounce package of thyme  , USDA Organic  , Wash before use  , Our Fresh brand products are all about high-quality food that fits every budget, every day.  , An Amazon Brand  ","Brand: Fresh,Item Form: Vegetable,Weight: 0.5 Ounces,Variety: Thyme,Package Weight: 0.02 Kilograms",,"
                Grocery & Gourmet Food
            ,
                Produce
            ,
                Fresh Herbs
            ,
                 Thyme
             "
B08332J6NF,"Fresh Brand – Carrots and Celery, 15 oz",https://m.media-amazon.com/images/I/41DprdSMwDL.jpg,4.3,"3,487 ratings"," 15-ounce container of carrots and celery packed in water for freshness  , Ready to eat  , No preservatives  , Our Fresh brand products are all about high-quality food that fits every budget, every day.  ","Diet Type: Paleo, Vegetarian, Vegan,Item Form: Sticks,Brand: Fresh,Weight: 15 Ounces,Temperature Condition: Fresh",,"
                Grocery & Gourmet Food
            ,
                Produce
            ,
                Packaged Produce
            ,
                 Cut & Packaged Vegetables
             "
B08331JSDD,"Fresh Brand – Sliced Apples, 14 oz",https://m.media-amazon.com/images/I/41FK6VxvPLL.jpg,4.3,"2,080 ratings"," 14-ounce container of sliced apples  , Ready to eat  , No preservatives  , Great for on-the-go snacking  , Our Fresh brand products are all about high-quality food that fits every budget, every day.  ","Brand: Fresh,Diet Type: Vegetarian,Package Weight: 0.23 Kilograms,Temperature Condition: Fresh",,"
                Grocery & Gourmet Food
            ,
                Produce
            ,
                Packaged Produce
            ,
                Cut & Packaged Fruits
            ,
                 Apples
             "
B01M1E843B,"Bartlett Pears, 2lb Bag",https://m.media-amazon.com/images/I/41Lf-GvHuUL.jpg,4.6,"6,300 ratings", Grown in the US  ,"Weight: 2 Pounds,Brand: Domex Superfresh Growers,Specialty: Local,Diet Type: Paleo, Vegetarian, Vegan,Package Weight: 0.91 Kilograms",,"
                Grocery & Gourmet Food
            ,
                Produce
            ,
                Fresh Fruits
            ,
                 Pears
             "
B07PPJM3LV,"Green Onions, 1 Bunch",https://m.media-amazon.com/images/I/41CxBMwCbHL.jpg,4.7,"13,136 ratings"," The uniform stalks transition from white to a sweet light green 2-3"" stalk  , Country of origin is Mexico  , Item Package Weight: 0.159kg  , Item Package Dimension: 5.08cm L x 10.16cm W x 30.48cm H  ","Diet Type: Paleo, Vegetarian, Vegan,Item Form: Whole,Brand: Tanimura & Antle,Weight: 5.5 Ounces,Temperature Condition: Fresh",,"
                Grocery & Gourmet Food
            ,
                Produce
            ,
                Fresh Vegetables
            ,
                 Onions & Shallots
             "
B09HQGDCKV,"Organic Green Cabbage, 1 Head",https://m.media-amazon.com/images/I/41OuQgp1m6L.jpg,4.6,"1,017 ratings",,"Diet Type: Vegetarian,Item Form: Whole,Brand: Produce,Weight: 1.34 Pounds,Number of Pieces: 1",,"
                Grocery & Gourmet Food
            ,
                Produce
            ,
                Fresh Vegetables
            ,
                 Cabbage
             "
B09XJGX7RF,"Boxed Greens 20lbs Organic Fruit and Vegetable Box - Box Includes Apples, Oranges, Pears, Kiwis, Berries, Onions, Potatoes, Lettuce, Tomatoes, Peppers & More - Fresh Produce Assortment",https://m.media-amazon.com/images/I/41wPaTexhPL.jpg,3.0,4 ratings," FRESH PRODUCE INCLUDED - This organic medley of produce has a delicious assortment of fruits and vegetables, including 6 bananas, 6 apples, 4 oranges, 3 kiwis, 3 pears, 1 box of berries, 4 zucchinis/yellow squashes, 3 bell peppers, 2 potatoes, 2 onions, 1 tomato, and 1 head of lettuce  , CERTIFIED ORGANIC FARMS - Boxed Greens sources all of its produce from organic farms that are smaller than 500 acres. This commitment to sustainable agriculture allows us to provide the freshest, organic produce available. We work closely with farmers to ensure that our high standards are always met  , HANDPICKED AND CAREFULLY PACKED - At Boxed Greens, we prioritize quality above everything. We will ensure that you and your family receive only the best produce at its peak. The handpicked, organic fruits and vegetables are thoroughly examined and carefully packed into our insulated boxes. We then ship the produce right away in our insulated boxes with 1-2 day delivery. This process helps us provide top-quality products to our customers while they are still fresh  , FAST GROCERY DELIVERY - Get organic, fresh produce delivered! This assortment of fruits and vegetables is a great way to get organic produce, no matter where you live. Enjoy fresh, organic produce even if you don't live near a farmers' market! Boxed Greens provides subscription services that allow you to choose how often you receive deliveries  , HIGH-QUALITY PRODUCE YEAR-ROUND - Enjoy fresh veggies, ripe citrus, crisp apples, and other delicious fruits all year round! Fresh, organic produce can be available to you any time of the year, even if you live hundreds of miles away from the nearest farm. Our quick delivery allows anyone to enjoy juicy, ripe fruit and fresh vegetables any time!  ",,,"
                Grocery & Gourmet Food
            ,
                Food & Beverage Gifts
            ,
                 Fruit & Nut Gifts
             "
B000RGYJI6,"Organic Red Seedless Grapes, 32 oz",https://m.media-amazon.com/images/I/41YIMn7anqL.jpg,4.6,"8,076 ratings"," These organic green seedless grapes grown in California are only available for a few months of the year between July and November  , These grapes are sweet and juicy with a tart punch, our growers have spent time cultivating varieties that deliver on sweetness and flavor.  , Refrigerate immediately for maximum shelf life and flavor  , Grown in California  ","Weight: 2 Pounds,Size: 32 Ounce,Brand: Produce aisle,Specialty: Organic, Vegan,Diet Type: Vegetarian",,"
                Grocery & Gourmet Food
            ,
                Produce
            ,
                Fresh Fruits
            ,
                 Grapes
             "
B09V3LKPCH,PRODUCE Cantaloupe Chunks Small,https://m.media-amazon.com/images/I/31wZakpOZwL.jpg,4.0,21 ratings, Our fresh cut fruit is hand selected and cut in house to ensure the highest quality  ,"Size: 1 Count (Pack of 1),Brand: Produce,Temperature Condition: Fresh",,"
                Grocery & Gourmet Food
            ,
                Produce
            ,
                Packaged Produce
            ,
                Cut & Packaged Fruits
            ,
                 Melon
             "
B07XLV5V6Y,"Fresh Brand – Cherry Tomatoes, 10 oz",https://m.media-amazon.com/images/I/41NZg1P5jpL.jpg,4.6,"6,262 ratings"," 10-ounce container of cherry tomatoes  , No preservatives  , Bite-sized tomatoes make a great snack  , Our Fresh brand products are all about high-quality food that fits every budget, every day.  , An Amazon Brand  ","Diet Type: Vegetarian,Item Form: Fresh,Brand: Fresh,Weight: 10 Ounces,Temperature Condition: Fresh",,"
                Grocery & Gourmet Food
            ,
                Produce
            ,
                Fresh Vegetables
            ,
                 Tomatoes
             "
B000P6J0SM,"Strawberries, 1 lb",https://m.media-amazon.com/images/I/512D4f4-SsL.jpg,4.6,"71,768 ratings"," Wash before consuming  , Grown in the United States, Chile, or Mexico  , Delicious on their own as a healthy snack or as part of a recipe  , Store in the refrigerator for maximum shelf life  , Prepackaged  ","Weight: 454 Grams,Size: 16 Ounce,Brand: Produce aisle,Specialty: Vegan,Diet Type: Paleo, Vegetarian, Vegan",,"
                Grocery & Gourmet Food
            ,
                Produce
            ,
                Fresh Fruits
            ,
                 Berries
             "
B07HM1JC3H,Organic Seedless Watermelon,https://m.media-amazon.com/images/I/41JNbp5a0FL.jpg,4.2,416 ratings, The price of the item is based on weight. We show an estimated weight and price when you shop.  ,"Weight: 15 Pounds,Size: 1 EA,Brand: Produce,Diet Type: Vegetarian,Package Weight: 15 Pounds",,"
                Grocery & Gourmet Food
            ,
                Produce
            ,
                Fresh Fruits
            ,
                 Melons
             "
B08331DD31,"Fresh Brand – Diced Red Onion, 10 oz",https://m.media-amazon.com/images/I/4159rrcwSzL.jpg,4.4,"3,689 ratings"," 10-ounce container of diced red onion  , Pre-cut and ready to cook  , No preservatives  , Our Fresh brand products are all about high-quality food that fits every budget, every day.  ","Diet Type: Paleo, Vegetarian, Vegan,Item Form: Dice,Brand: Fresh,Temperature Condition: Fresh,Specialty: Vegan",,"
                Grocery & Gourmet Food
            ,
                Produce
            ,
                Packaged Produce
            ,
                 Cut & Packaged Vegetables
             "
B086WXJX3W,"Fresh Brand – Roma Tomatoes, 16 oz",https://m.media-amazon.com/images/I/41bi1MbVjDL.jpg,4.6,"17,520 ratings"," 16-ounce package of roma tomatoes  , These classic Italian roma tomatoes are greenhouse grown and ripened to perfection  , Ideal for sauces, soups, salsa, and canning  , Great for salads and sandwiches  , Our Fresh brand products are all about high-quality food that fits every budget, every day.  , An Amazon Brand  ","Diet Type: Vegetarian,Item Form: Whole,Brand: Fresh,Weight: 16 Ounces,Temperature Condition: Fresh",,"
                Grocery & Gourmet Food
            ,
                Produce
            ,
                Fresh Vegetables
            ,
                 Tomatoes
             "
B097F2P9ZV,"Fresh Brand – Organic Basil, 3 oz",https://m.media-amazon.com/images/I/51rHbjlvDAL.jpg,4.3,"1,425 ratings"," 3-ounce package of basil  , USDA Organic  , Wash before use  , Our Fresh brand products are all about high-quality food that fits every budget, every day.  ","Brand: Fresh,Item Form: Vegetable,Weight: 3 Ounces,Variety: Mint,Basil,Package Weight: 0.1 Kilograms",,"
                Grocery & Gourmet Food
            ,
                Produce
            ,
                Fresh Herbs
            ,
                 Basil
             "
B08QG26PZ4,"Arctic Golden Fresh Apple Slices, 5 oz.",https://m.media-amazon.com/images/I/41zn8u3D76L.jpg,4.3,431 ratings," SWEET, home-sliced taste  , ORCHARD FRESHNESS LONGER means LESS FOOD WASTE  , CONVENIENT & ready to eat  , PERFECT for healthy eating on-the-go  , Grown in WASHINGTON STATE  ",,,"
                Grocery & Gourmet Food
            ,
                Produce
            ,
                Packaged Produce
            ,
                Cut & Packaged Fruits
            ,
                 Apples
             "
B07FZ82XN3,Organic Green Mango,https://m.media-amazon.com/images/I/41-vzK-A+jL.jpg,4.5,398 ratings," Selected and stored fresh  , Sourced with high quality standards  , Recommended to wash before consuming  , Delicious on their own as a healthy snack or as part of a recipe  ","Size: 1 EA,Brand: Produce,Diet Type: Paleo, Gluten Free, Vegan,Package Weight: 1.02 Pounds,Temperature Condition: Fresh",,"
                Grocery & Gourmet Food
            ,
                Produce
            ,
                Fresh Fruits
            ,
                 Tropical & Exotic Fruit
             "
B0B6GM7RVP,"Freeze Dried Superfood Snacks by Upland | Vitamin C and Zinc | Vegan, Non-GMO, Plant Based, Gluten Free | Variety Pack with 3 Flavors (Strawberry-Beet, Mango-Pineapple, Blueberry-Cherry) 3 Pack",https://m.media-amazon.com/images/I/51fhE6Z5RAL.jpg,4.0,60 ratings," UPLAND SNACKS: A one of a kind multi-ingredient Superfood Snack Bite that bursts with flavors, real ingredients and packed with nutrients. Our freeze-dried technology locks in nutrients for a perfect balance of fruit, seeds and superfoods.  , 3 GREAT FLAVORS: Our strawberry flavor offers an incredible crunchy texture and fragrant aroma of spring with strawberry notes alongside earthy beets. Mango pineapple provides a burst of tropical flavors that melt in your mouth. The dark chocolate blueberry gives you the taste of sweetness with a fruity finish in each bite.  , NO ARTIFICIAL INGREDIENTS: Non-GMO, Gluten Free, Plant Based, Vegan & only 6g of sugar or less per bag.  , FUNCTIONAL SNACKING: nutrient dense snack that includes 20% of your recommended daily intake of VITAMIN C and ZINC. Non-GMO, Kosher, Plant Based, Vegan & only up to 6g of sugar per bag (mainly from the fruits).  , PERFECT FOR ON THE GO SNACKING: Upland is lightweight and mess-free. It's portioned into easy bite sized cubes to make for the perfect snack on the go. Enjoy on a hike, during a picnic, packed in your kid's lunchbox, or any time in between.  ","Brand: UPLAND DELICIOUS DEFENSE FROM NATURE,Number of Pieces: 3,Package Weight: 0.22 Kilograms",,"
                Grocery & Gourmet Food
            ,
                Produce
            ,
                Dried Fruits & Vegetables
            ,
                Dried Fruits
            ,
                 Dried Mixed Fruits
             "
B08GH7R8CR,"Fresh Brand – Organic Gala Apples, 2 lb",https://m.media-amazon.com/images/I/41Pqg8tAMhL.jpg,4.7,"4,791 ratings"," 2-pound bag of organic Gala apples  , Certified Organic; No preservatives  , Sweet and mild  , Meets or exceeds U.S. Extra Fancy grade standards  , Ready to eat, great for snacking  , Our Fresh brand products are all about high-quality food that fits every budget, every day.  , An Amazon Brand  ","Weight: 2 Pounds,Brand: Fresh,Specialty: Organic,Diet Type: Vegetarian,Package Weight: 0.91 Kilograms",,"
                Grocery & Gourmet Food
            ,
                Produce
            ,
                Fresh Fruits
            ,
                Apples
            ,
                 Gala
             "
B00JQV85D8,"365 Everyday Value, Organic Trimmed Green Beans, 12 oz",https://m.media-amazon.com/images/I/51j2KvemTHL.jpg,4.7,"12,860 ratings"," 365 by Whole Foods Market products give you that dance-down-the-aisles feeling, virtual aisles too! Our huge range of choices with premium ingredients at prices you can get down with makes grocery shopping so much more than tossing the basics in your cart.  ","Brand: 365 by Whole Foods Market,Weight: 0.75 Pounds,Specialty: Organic,Protein: 2 Grams,Allergen Information: Non-GMO",,"
                Grocery & Gourmet Food
            ,
                Produce
            ,
                Fresh Vegetables
            ,
                 Peas & Beans
             "
B002E10IL4,Golden State Fruit Golden State Signature Fruit Gift Collection,https://m.media-amazon.com/images/I/51Hx4CZeJDS.jpg,4.3,608 ratings," Tart kiwi, juicy mango and sunny navel oranges.  , Two varieties of crisp apples, and creamy pears.  , Great for family, friends, and corporate gifting.  , Hand packed to order and tied with a bow.  , Gift messaging available at checkout. Please refer to alternate images for instructions on how to add card in Amazon checkout.  ","Weight: 6 Pounds,Size: 9 Piece Set,Brand: A Gift Inside,Specialty: Vegetarian,Diet Type: Vegetarian"," Flavor Name: , Signature Collection ","
                Grocery & Gourmet Food
            ,
                Food & Beverage Gifts
            ,
                 Fruit & Nut Gifts
             "
B001W3T2E4,"Cucumber, One Count",https://m.media-amazon.com/images/I/41fNX4gXZCL.jpg,4.6,"52,779 ratings"," Nutritious  , Low calorie and low fat  ","Diet Type: Paleo, Gluten Free, Vegan,Item Form: Vegetable,Brand: Produce aisle,Temperature Condition: Fresh,Number of Pieces: 1",,"
                Grocery & Gourmet Food
            ,
                Produce
            ,
                Fresh Vegetables
            ,
                 Cucumbers
             "
B07KBCX5GQ,"Dried Fruit & Nuts Gift Basket Black Tower + Ribbon (12 Assortments) Holiday Christmas Gourmet Bouquet Arrangement Platter, Birthday Care Package, Healthy Food Kosher Snack Box for Adults Men Women",https://m.media-amazon.com/images/I/51RRIJX6+fL.jpg,4.4,"2,738 ratings"," 🥜 A SELECTION OF 12 OF OUR BEST NUTS & DRIED FRUITS: Our Black & Gold Snack Tower includes a handful of each of our 12 signature delicious nuts & dried fruits: Almonds, Walnuts, Cashews, Pistachios, Honey Glazed Pecans, Honey Glazed Peanuts, Brazil Nuts, Dried Cranberries, Dried Kiwis, Dried Papaya, Dried Pears, and Dried Peaches.  , 🎁 6 PRESENTS IN 1: Think about it, who wouldn’t want to receive a tower of presents? Our Snack Towers have six levels of boxes of the best crunchy and sweet mix of snacks there is.  , ⭐ TOP ‘NUTCH’ PACKAGING WITH HIGH-END RIBBON: High-end packaging featuring elegant black and gold colors and a unique and sophisticated design, including a high-end black & gold ribbon that will definitely impress your gift recipient.  , 🛍️ AN AFFORDABLE BUT ELEGANT PRESENT: Buying presents is usually pretty stressful. When you think you’ve found the perfect gift, it’s expensive. When you find an affordable one, you don’t like it as much. Lucky for you our snack towers are both high-end and affordable, exactly what you were looking for!  , ⚠️ ATTENTION: Please remember to Check the box labeled “This is a gift” in your cart or at checkout and write a personalized message. The last thing you want is your recipient to receive such an incredible gift and not know it was you who treated them, right?  ","Brand: Nut Cravings,Flavor: Elegant Tower,Size: 12 Piece Set,Number of Pieces: 12,Specialty: Natural-ingredients",,"
                Grocery & Gourmet Food
            ,
                Food & Beverage Gifts
            ,
                 Fruit & Nut Gifts
             "
B007EIZJU2,"Sunset Organic Campari Tomatoes, 12 oz",https://m.media-amazon.com/images/I/41EUGYSna8L.jpg,4.6,"4,306 ratings"," Selected and stored fresh  , Sourced with high quality standards  , Recommended to wash before consuming  , Delicious on their own as a healthy snack or as part of a recipe  ","Diet Type: Paleo, Vegetarian, Vegan,Item Form: Whole,Brand: SUNSET PRODUCE,Weight: 0.75 Pounds",,"
                Grocery & Gourmet Food
            ,
                Produce
            ,
                Fresh Vegetables
            ,
                 Tomatoes
             "
B000SE7YL6,"Mandarin Oranges, 3 lb Bag",https://m.media-amazon.com/images/I/51ti9d84TVL.jpg,4.5,"21,601 ratings"," Grown in United States, Mexico, Argentina, Canada, Uruguay, Morocco, Spain, South Africa, or Peru  , Grown in United States  ","Weight: 3 Pounds,Brand: Produce aisle,Specialty: Vegan,Diet Type: Vegetarian,Package Weight: 3.3 Pounds",,"
                Grocery & Gourmet Food
            ,
                Produce
            ,
                Fresh Fruits
            ,
                Citrus Fruits
            ,
                Mandarins
            ,
                 Clementines
             "
B097F1XRSK,"Fresh Brand – Organic Mint, 0.5 oz",https://m.media-amazon.com/images/I/41LjkNGLG6L.jpg,4.6,"2,109 ratings"," 0.5-ounce package of mint  , USDA Organic  , Wash before use  , Our Fresh brand products are all about high-quality food that fits every budget, every day.  , An Amazon Brand  ",,,"
                Grocery & Gourmet Food
            ,
                Produce
            ,
                Fresh Herbs
            ,
                 Mint
             "
B08331R5Z6,"Fresh Brand – Cut Watermelon, 9.5 oz",https://m.media-amazon.com/images/I/41Agaahyb2L.jpg,4.3,"5,793 ratings"," 9.5-ounce container of cut watermelon  , Ready to eat  , No preservatives  , Great for on-the-go snacking  , Our Fresh brand products are all about high-quality food that fits every budget, every day.  ","Weight: 9.5 Ounces,Brand: Fresh,Specialty: Vegan,Diet Type: Vegetarian,Package Weight: 0.27 Kilograms",,"
                Grocery & Gourmet Food
            ,
                Produce
            ,
                Packaged Produce
            ,
                Cut & Packaged Fruits
            ,
                 Melon
             "
B07PSVHCQM,"Green Cabbage, One Head",https://m.media-amazon.com/images/I/31ZYMdKJzJL.jpg,4.7,"2,020 ratings"," Selected and stored fresh  , Sourced with high quality standards  , Recommended to wash before consuming  , Delicious on their own as a healthy snack or as part of a recipe  ","Diet Type: Paleo, Gluten Free, Vegan,Item Form: Whole,Brand: Produce,Temperature Condition: Fresh,Number of Pieces: 1",,"
                Grocery & Gourmet Food
            ,
                Produce
            ,
                Fresh Vegetables
            ,
                 Cabbage
             "
B001TBNGG4,Bartlett Pear,https://m.media-amazon.com/images/I/41j4jmaCvoL.jpg,4.5,"4,432 ratings"," Flavor and juicy bite  , Excellent for canning or cooking  , Buttery goodness  ","Weight: 0.54 Pounds,Size: 1 Pound,Brand: Produce aisle,Specialty: Vegan,Diet Type: Vegetarian",,"
                Grocery & Gourmet Food
            ,
                Produce
            ,
                Fresh Fruits
            ,
                 Pears
             "
B08TP7FCFW,"Fresh Brand – Red Onions, 2 lb",https://m.media-amazon.com/images/I/51ds9XtvjbS.jpg,4.6,"4,452 ratings"," 2-pound bag of red onions  , No preservatives  , Grown in the United States  , Our Fresh brand products are all about high-quality food that fits every budget, every day.  , An Amazon Brand  ","Diet Type: Paleo, Vegetarian, Vegan,Item Form: Whole,Brand: Fresh,Weight: 2 Pounds,Temperature Condition: Fresh",,"
                Grocery & Gourmet Food
            ,
                Produce
            ,
                Fresh Vegetables
            ,
                 Onions & Shallots
             "
B097F2JDP9,"Fresh Brand – Organic Italian Parsley, 0.5 oz",https://m.media-amazon.com/images/I/41J4gc-g6pL.jpg,4.5,"1,506 ratings"," 0.5-ounce package of Italian parsley  , USDA Organic  , Wash before use  , Our Fresh brand products are all about high-quality food that fits every budget, every day.  , An Amazon Brand  ","Brand: Fresh,Item Form: Vegetable,Weight: 0.5 Ounces,Variety: Parsley,Package Weight: 0.02 Kilograms",,"
                Grocery & Gourmet Food
            ,
                Produce
            ,
                Fresh Herbs
            ,
                 Parsley
             "
B08331PQ7Y,"Fresh Brand – Mixed Melon, 10 oz",https://m.media-amazon.com/images/I/41VqNrG3QIL.jpg,4.2,"3,833 ratings"," 10-ounce container of mixed cut melon  , Ready to eat  , No preservatives  , Great for on-the-go snacking  , Our Fresh brand products are all about high-quality food that fits every budget, every day.  ","Weight: 10 Ounces,Brand: Fresh,Specialty: Vegan,Diet Type: Vegetarian,Package Weight: 0.45 Kilograms",,"
                Grocery & Gourmet Food
            ,
                Produce
            ,
                Packaged Produce
            ,
                Cut & Packaged Fruits
            ,
                 Melon
             "
B01LAYXR04,"Taylor Farms Sunflower Crunch Chopped Salad, 12.85 oz",https://m.media-amazon.com/images/I/41oPeCzqFLL.jpg,4.7,"2,475 ratings"," Washed and ready to enjoy  , Ready in less than 3 minutes  , Dairy Free & Nut Free  , Artificial Preservative Free  ","Brand: Taylor Farms,Flavor: Coleslaw,Weight: 0.83 Pounds",,"
                Grocery & Gourmet Food
            ,
                Produce
            ,
                Packaged Produce
            ,
                 Packaged Greens & Salad Mixes
             "
B07XW19QBH,"Fresh Brand – Granny Smith Apples, 3 lb",https://m.media-amazon.com/images/I/417LRCDbyAL.jpg,4.7,"6,608 ratings"," 3-pound bag of Granny Smith apples  , Tart and crunchy  , Apples have a minimum diameter of 2.5 inches  , Meets or exceeds U.S. Extra Fancy grade standards  , Ready to eat, great for snacking  , Our Fresh brand products are all about high-quality food that fits every budget, every day.  , An Amazon Brand  ","Weight: 3 Pounds,Brand: Fresh,Diet Type: Vegetarian,Package Weight: 1.61 Kilograms,Temperature Condition: Fresh",,"
                Grocery & Gourmet Food
            ,
                Produce
            ,
                Fresh Fruits
            ,
                Apples
            ,
                 Granny Smith
             "
B086WXSSQV,"Fresh Brand - Mini Cucumbers, 16oz",https://m.media-amazon.com/images/I/41fdbw3ZPbL.jpg,4.6,"10,370 ratings"," 16-ounce package of mini cucumbers  , Greenhouse-grown mini cucumbers are cool, crisp, and refreshing  , Perfect for snacking or for a quick addition to an appetizer or salad  , Our Fresh brand products are all about high-quality food that fits every budget, every day.  ","Diet Type: Paleo, Vegetarian, Vegan,Item Form: Packaged produce,Brand: Fresh,Weight: 16 Ounces,Temperature Condition: Fresh",,"
                Grocery & Gourmet Food
            ,
                Produce
            ,
                Fresh Vegetables
            ,
                 Cucumbers
             "
B07XW1TNXR,"Fresh Brand – Sliced White Mushrooms, 8 oz",https://m.media-amazon.com/images/I/51sSl5PhxpL.jpg,4.7,"7,790 ratings"," 8-ounce package of sliced white mushrooms  , No preservatives  , Pre-sliced to reduce prep time  , Our Fresh brand products are all about high-quality food that fits every budget, every day.  , An Amazon Brand  ",,,"
                Grocery & Gourmet Food
            ,
                Produce
            ,
                Fresh Vegetables
            ,
                 Mushrooms & Truffles
             "
B074H54XMM,"365 by Whole Foods Market, Salad Clm Spinach Organic, 16 Ounce",https://m.media-amazon.com/images/I/41s3W8FBSsL.jpg,,," Heads up! This product’s package is getting a makeover, transitioning from Whole Foods Market to 365 brand. Best of all, it’s the same deliciousness on the inside  , Selected and stored fresh Sourced with high quality standards Sourced with high quality standards  , Recommended to wash before consuming  , Delicious on their own as a healthy snack or as part of a recipe  ","Diet Type: Vegan,Item Form: Whole,Brand: 365 by Whole Foods Market,Weight: 1.24 Pounds",,"
                Grocery & Gourmet Food
            ,
                Produce
            ,
                Packaged Produce
            ,
                 Packaged Greens & Salad Mixes
             "
B07XW1681L,"Fresh Brand – Cut and Peeled Baby Carrots, 32 oz",https://m.media-amazon.com/images/I/41eUzcWYJnL.jpg,4.7,"5,245 ratings"," 32-ounce (2-pound) bag of cut and peeled baby carrots  , No preservatives  , Certified Non-GMO  , Grown in the United States  , Our Fresh brand products are all about high-quality food that fits every budget, every day.  , An Amazon Brand  ","Diet Type: Paleo, Vegetarian, Vegan,Item Form: Peeled,Brand: Fresh,Weight: 2 Pounds,Temperature Condition: Fresh",,"
                Grocery & Gourmet Food
            ,
                Produce
            ,
                Fresh Vegetables
            ,
                Root Vegetables
            ,
                 Carrots
             "
B087311BZ9,"Organic Cauliflower, 1 Head",https://m.media-amazon.com/images/I/41Rq0aSSdzL.jpg,4.7,"1,506 ratings"," Item Package Length: 10.16cm  , Item Package Width: 16.51cm  , Item Package Height: 17.78cm  , Item Package Weight: 0.907kg  ","Diet Type: Paleo, Vegetarian, Vegan,Item Form: Whole,Brand: Tanimura & Antle,Weight: 2 Pounds,Temperature Condition: Fresh",,"
                Grocery & Gourmet Food
            ,
                Produce
            ,
                Packaged Produce
            ,
                 Cut & Packaged Vegetables
             "
B00C8XF40I,"Romaine Lettuce, One Head",https://m.media-amazon.com/images/I/41SpGxzAbML.jpg,4.6,"1,223 ratings",,"Diet Type: Paleo, Vegetarian, Vegan,Item Form: Whole,Brand: Produce,Weight: 1 Pounds,Temperature Condition: Fresh",,"
                Grocery & Gourmet Food
            ,
                Produce
            ,
                Fresh Vegetables
            ,
                Leafy Greens
            ,
                 Lettuce
             "
B000P6X5A6,Organic Mixed Variety Heirloom Tomatoes,https://m.media-amazon.com/images/I/31f6DEv9PkS.jpg,4.3,"2,203 ratings"," Heirloom tomatoes are loaded with health benefits that can, among many other things, reduce stress and strengthen your bones.  , Heirlooms are picked at the peak of ripeness, which gives them greater vitamin content.  , A good heirloom tomato is botanically a fruit and can have the juiciness and sweetness of a cherry or a grape  , Grown in United States or Mexico  ","Diet Type: Paleo, Vegetarian, Vegan,Brand: Produce,Weight: 1 Pounds,Specialty: Organic, Vegan",,"
                Grocery & Gourmet Food
            ,
                Produce
            ,
                Fresh Vegetables
            ,
                 Tomatoes
             "
B09V3M5VL5,PRODUCE Organic Watermelon Chunks Small,https://m.media-amazon.com/images/I/31z8rTyJyEL.jpg,4.7,14 ratings, Our fresh cut fruit is hand selected and cut in house to ensure the highest quality  ,"Size: 1 Pound (Pack of 1),Brand: Produce,Temperature Condition: Fresh",,"
                Grocery & Gourmet Food
            ,
                Produce
            ,
                Packaged Produce
            ,
                Cut & Packaged Fruits
            ,
                 Melon
             "
B00E3KX5S2,"Whole White Mushrooms, 16 oz Package",https://m.media-amazon.com/images/I/41GDezq-hyL.jpg,4.7,"2,083 ratings", Grown in United States or Canada  ,,,"
                Grocery & Gourmet Food
            ,
                Produce
            ,
                Fresh Vegetables
            ,
                 Mushrooms & Truffles
             "
B07XW1TNXZ,"Fresh Brand – Russet Potatoes, 5 lb",https://m.media-amazon.com/images/I/41i0kFzDj8L.jpg,4.7,"28,085 ratings"," 5-pound bag of russet potatoes  , No preservatives  , Grown in the United States  , Good for baking, roasting, pan-frying, and smashing  , Our Fresh brand products are all about high-quality food that fits every budget, every day.  , An Amazon Brand  ","Diet Type: Paleo, Vegetarian, Vegan,Item Form: Whole,Brand: Fresh,Weight: 5 Pounds,Temperature Condition: Fresh",,"
                Grocery & Gourmet Food
            ,
                Produce
            ,
                Fresh Vegetables
            ,
                Potatoes & Yams
            ,
                 Russet
             "
B08332J6N5,"Fresh Brand – Cubed Pineapple, 32 oz",https://m.media-amazon.com/images/I/51WIot4Eh7L.jpg,4.6,"10,090 ratings"," 32-ounce container of cubed pineapple  , Ready to eat  , No preservatives  , Great for on-the-go snacking  , Our Fresh brand products are all about high-quality food that fits every budget, every day.  ","Weight: 32 Ounces,Brand: Fresh,Specialty: Vegan,Diet Type: Vegetarian,Package Weight: 0.98 Kilograms",,"
                Grocery & Gourmet Food
            ,
                Produce
            ,
                Packaged Produce
            ,
                Cut & Packaged Fruits
            ,
                 Pineapples
             "
B0787Y346L,Blood Orange,https://m.media-amazon.com/images/I/41REioYQHZL.jpg,4.3,"3,247 ratings"," Selected and stored fresh  , Sourced with high quality standards  , Recommended to wash before consuming  , Delicious on their own as a healthy snack or as part of a recipe  ","Weight: 0.36 Pounds,Size: 0.34 Pound,Brand: Produce (Brands May Vary),Diet Type: Vegetarian,Package Weight: 0.36 Pounds",,"
                Grocery & Gourmet Food
            ,
                Produce
            ,
                Fresh Fruits
            ,
                Citrus Fruits
            ,
                 Oranges
             "
B092LCBDSY,"Wholesum Organic Squash Medley, 2 lb Bag",https://m.media-amazon.com/images/I/41rGJlthS8L.jpg,4.7,"2,874 ratings"," USDA Certified Organic  , Responsibly grown  , High quality, fresh and flavorful  , Approximately 4 pieces per bag  , Fair Trade Certified for people and the planet  ","Diet Type: Paleo, Vegetarian, Vegan,Item Form: Whole,Brand: Wholesum,Weight: 2 Pounds,Temperature Condition: Fresh",,"
                Grocery & Gourmet Food
            ,
                Produce
            ,
                Fresh Vegetables
            ,
                 Squash & Gourds
             "
B07XVZZR5L,"Fresh Brand – Organic Grape Tomatoes, 10 oz",https://m.media-amazon.com/images/I/41ID9WJl9gL.jpg,4.7,"2,826 ratings"," 10-ounce container of organic grape tomatoes  , No preservatives  , Certified Organic  , Bite-sized tomatoes make a great snack  , Our Fresh brand products are all about high-quality food that fits every budget, every day.  , An Amazon Brand  ","Diet Type: Vegetarian,Item Form: Packaged produce,Brand: Fresh,Temperature Condition: Fresh,Specialty: Organic",,"
                Grocery & Gourmet Food
            ,
                Produce
            ,
                Fresh Vegetables
            ,
                 Tomatoes
             "
B07CHNV4S1,"Root Radish Red Organic, 1 Bunch",https://m.media-amazon.com/images/I/41Ey2GC-VeL.jpg,4.7,"6,397 ratings", Grown in United States or Mexico  ,"Diet Type: Paleo, Gluten Free, Vegan,Item Form: With stem and leaf,Brand: Produce (Brands May Vary),Number of Pieces: 1",,"
                Grocery & Gourmet Food
            ,
                Produce
            ,
                Fresh Vegetables
            ,
                Root Vegetables
            ,
                 Radishes
             "
B07XW19QBX,"Fresh Brand – Grape Tomatoes, 10 oz",https://m.media-amazon.com/images/I/51X0Oi5H7uL.jpg,4.7,"8,862 ratings"," 10-ounce container of grape tomatoes  , No preservatives  , Bite-sized tomatoes make a great snack  , Our Fresh brand products are all about high-quality food that fits every budget, every day.  , An Amazon Brand  ","Diet Type: Vegetarian,Item Form: Fresh,Brand: Fresh,Weight: 10 Ounces,Temperature Condition: Fresh",,"
                Grocery & Gourmet Food
            ,
                Produce
            ,
                Fresh Vegetables
            ,
                 Tomatoes
             "
B079M54HW4,"Sweet Potatoes (Orange Flesh), 3 lb",https://m.media-amazon.com/images/I/41hyI89vwSS.jpg,4.5,"6,721 ratings"," ORANGE SWEET POTATOES: Grown from the sweet spot of California, our sweet potatoes are the sweetest you have ever tasted. This sweet potato is orange on the outside and orange on the inside, delivering a sweet and earthy flavor.  , READY TO ENJOY: Our Organic Sweet Potatoes are triple washed and ready to enjoy! Bako Sweet makes it easy to cook a delicious meal for your family.  , GOOD SOURCE OF VITAMIN A: Sweet potatoes are loaded with Vitamin A, helping with immune support. Just one sweet potato contains 368% Vitamin A daily value!  , NUTRITIOUS SUPERFOOD: Sweet potatoes are a superfood! These veggies are loaded with beta carotene which acts as a potent antioxidant.  , TRIPLE WASHED: Means that you do not need to spend time washing them, because we already have! Three times, in fact.  , POPULAR RECIPES: Sweet potatoes are a pantry essential that you should have always in your kitchen. Try making baked sweet potatoes, Sweet potato fries, and Sweet potato toast.  , NOTHING BUT SWEET POTATOES: Sweet potatoes are good for you, so we do not change a thing. Our sweet potatoes do not contain additives, preservatives, or chemicals.  ",,,"
                Grocery & Gourmet Food
            ,
                Produce
            ,
                Fresh Vegetables
            ,
                Potatoes & Yams
            ,
                 Sweet Potatoes
             "
B06X95VQY5,"Green Giant Fresh Green Beans, 12oz",https://m.media-amazon.com/images/I/41U15gvZuqL.jpg,4.6,"3,484 ratings"," Thoroughly washed and ready for snacking, steaming or your favorite recipe.  , Steam in bag!  , Makes a great side dish or addition in any recipe.  ","Brand: Taylor Farms,Weight: 12 Ounces,Item Form: Whole,Package Weight: 0.45 Kilograms",,"
                Grocery & Gourmet Food
            ,
                Produce
            ,
                Packaged Produce
            ,
                 Cut & Packaged Vegetables
             "
B015ZLZ2EC,"Fresh Produce Sweet Pumpkin, 1kg",https://m.media-amazon.com/images/I/41cy4Uz-HhL.jpg,4.2,22 ratings, Sweet Pumpkin by Fresh Produce  ,"Brand: Fresh Produce,Weight: 1000 Grams,Temperature Condition: Fresh,Number of Pieces: 1",,"
                Grocery & Gourmet Food
            ,
                Produce
            ,
                Fresh Vegetables
            ,
                 Squash & Gourds
             "
B010OVRQJC,"Pepper Green , 1 Ct.",https://m.media-amazon.com/images/I/51y1uamwDcL.jpg,,, Product of United States of America  ,,,"
                Grocery & Gourmet Food
            ,
                Produce
            ,
                 Fresh Vegetables
             "
B010OW0VYI,"Pepper Yellow, 1 Each",https://m.media-amazon.com/images/I/41z3jUaZRhL.jpg,3.5,2 ratings, Product of United States of America  ,,,"
                Grocery & Gourmet Food
            ,
                Produce
            ,
                 Fresh Vegetables
             "
B07FRCR5QN,"Fresh Produce Potato Loose, 1Kg",https://m.media-amazon.com/images/I/41KBl0UxRFL.jpg,4.3,360 ratings," Fresh Produce Potato - Economy, 1kg Pack  ","Brand: Fresh Produce,Weight: 1000 Grams,Temperature Condition: Fresh,Number of Pieces: 1",,"
                Grocery & Gourmet Food
            ,
                Produce
            ,
                Fresh Vegetables
            ,
                 Onions & Shallots
             "
B07XW19QBR,"Fresh Brand – Portabella Mushroom Caps, 6 oz",https://m.media-amazon.com/images/I/41gsTNKdjdL.jpg,4.7,"1,453 ratings"," 6-ounce package of portabella mushroom caps  , No preservatives  , Great for cooking  , Our Fresh brand products are all about high-quality food that fits every budget, every day.  , An Amazon Brand  ","Diet Type: Paleo, Vegetarian, Vegan,Item Form: Vegetable,Brand: Fresh,Weight: 6 Ounces,Temperature Condition: Fresh",,"
                Grocery & Gourmet Food
            ,
                Produce
            ,
                Fresh Vegetables
            ,
                Mushrooms & Truffles
            ,
                 Portabello
             "
B09V3DRHYY,PRODUCE Organic Pineapple Chunks Small,https://m.media-amazon.com/images/I/310rhg2kQWL.jpg,4.2,3 ratings, Our fresh cut fruit is hand selected and cut in house to ensure the highest quality  ,"Size: 1 Pound (Pack of 1),Brand: Produce,Temperature Condition: Fresh",,"
                Grocery & Gourmet Food
            ,
                Produce
            ,
                Packaged Produce
            ,
                 Cut & Packaged Fruits
             "
B010OW0Y40,Jalapeno Pepper 1lb,https://m.media-amazon.com/images/I/41ICNOGnIGL.jpg,,, Product of Mexico  ,,,"
                Grocery & Gourmet Food
            ,
                Produce
            ,
                 Fresh Vegetables
             "
B082DBJTGR,"Fresh Produce Coconut Husk Large, 1 pc",https://m.media-amazon.com/images/I/51vV+V-JJBL.jpg,4.1,232 ratings," It is rich in dietary fiber  , It can be used to prepare various dishes like chutneys, curries  , Rich in saturated fat  ","Weight: 100 Grams,Size: Large,Brand: Fresh Produce,Number of Pieces: 1,Temperature Condition: Fresh",,"
                Grocery & Gourmet Food
            ,
                Produce
            ,
                Fresh Fruits
            ,
                 Coconuts
             "
B0197UGPCU,"Fresh Produce Tri-Color Peppers, 14 oz(us)",https://m.media-amazon.com/images/I/41-8D2sxhNL.jpg,2.0,2 ratings," Colored Bell Peppers  , Fresh Vegetables  , Assorted Color  ","Brand: Fresh Produce,Weight: 14 Ounces,Temperature Condition: Fresh",,"
                Grocery & Gourmet Food
            ,
                Produce
            ,
                Fresh Vegetables
            ,
                 Peppers
             "
B07G2S6875,"ELAN Organic Dried Mango Slices 8 Pack, 35.2 Oz, Non-GMO, Vegan, Gluten-Free",https://m.media-amazon.com/images/I/41I9xeeorHS.jpg,4.2,90 ratings," Non-gmo, sulfite-free, Vegetarian, Vegan and all-natural  , High in Vitamin A and Vitamin C. Good source of potassium  , Naturally sweet dried mango can be used in smoothies, cereal and baking or as a snack  , Keep cool and dry  , Certified: Organic, gluten-free and kosher  ","Weight: 35.2 Ounces,Size: 4.4 Ounce (Pack of 8),Brand: Elan,Specialty: Natural,Diet Type: Vegetarian, Kosher, Vegan",,"
                Grocery & Gourmet Food
            ,
                Produce
            ,
                Dried Fruits & Vegetables
            ,
                Dried Fruits
            ,
                 Dried Mangoes
             "
B07XW1MJCZ,"Fresh Brand – Red Potatoes, 5 lb",https://m.media-amazon.com/images/I/41J7Pb6jYPL.jpg,4.7,"6,859 ratings"," 5-pound bag of red potatoes  , No preservatives  , Grown in the United States  , Good for roasting, pan-frying, and smashing  , Our Fresh brand products are all about high-quality food that fits every budget, every day.  , An Amazon Brand  ","Diet Type: Paleo, Vegetarian, Vegan,Item Form: Whole,Brand: Fresh,Weight: 5 Pounds,Temperature Condition: Fresh",,"
                Grocery & Gourmet Food
            ,
                Produce
            ,
                Fresh Vegetables
            ,
                 Potatoes & Yams
             "
B07FYG33SB,"South Organic Fruits, Organic Apple Honeycrisp, 48 Ounce Bag",https://m.media-amazon.com/images/I/416oglx+iQL.jpg,4.6,"3,690 ratings"," Selected and stored fresh  , Sourced with high quality standards  , Recommended to wash before consuming  , Delicious on their own as a healthy snack or as part of a recipe  ","Weight: 48 Ounces,Size: 3 Pound (Pack of 1),Brand: Produce (Brands May Vary),Diet Type: Paleo, Vegan,Temperature Condition: Fresh",,"
                Grocery & Gourmet Food
            ,
                Produce
            ,
                Fresh Fruits
            ,
                Apples
            ,
                 Honeycrisp
             "
B07FRR37SM,Fresh Produce Onion Loose - 1 kg,https://m.media-amazon.com/images/I/416zHiom6ZL.jpg,4.2,"1,013 ratings"," Fresh Produce Onion - Economy, 1kg Pack  ","Diet Type: Vegetarian,Brand: Fresh Produce,Weight: 1000 Grams,Temperature Condition: Fresh,Number of Pieces: 1",,"
                Grocery & Gourmet Food
            ,
                Produce
            ,
                Fresh Vegetables
            ,
                 Onions & Shallots
             "
B09YTMZ1GP,"Oregon Farm Fresh Snacks Dried Fruit Mix – 24oz Diced Fruit Mix Healthy Snacks - Fresh and Natural Fruit Trail Mix – Mixed Fruit Snacks for Adults and Kids – Ideal for Breakfast, Cakes, Snacks",https://m.media-amazon.com/images/I/51+y56cVq0L.jpg,4.2,65 ratings," Natural Energy On-The-Go: Whether you are following a diet or you simply need a boost of energy to survive the day, our natural healthy snacks are the way to go! Sweet, delicious and fresh, our dried fruit mix is your on-the-go dose of energy and nutrients!  , Carefully Selected Fruits: The Oregon Farm Fresh Snacks trail mix snack packs are made with the highest quality fresh and natural fruits, without any harsh fillers, unnecessary additives, preservatives or artificial colorings and flavorings!  , Delicious Fruity Treats: This dry fruit mix pack contains a myriad of delicious, diced fruits such as cranberries, coconut, mango, or raisins that will pamper your taste buds with a balanced, sweet taste, exquisite freshness and a mouthwatering texture!  , Healthy Snack Alternative: Our fruit trail mix is not only delicious but also packed with vitamins, minerals, antioxidants and nutrients, which makes these fruity snacks a healthy and tasty alternative to satisfy your sweet tooth and hunger!  , Enough for the Entire Family: The Oregon Farm Fresh healthy fruit snacks come in a convenient pack of 24oz, enough to share with your entire family! Pack a portion of dried fruit snacks for lunch, travel, school, work, outdoor, picnic, or car rides and enjoy a healthy, nutrient-packed snack!  ","Brand: OREGON FARM FRESH SNACKS,Weight: 24 Ounces,Package Weight: 0.69 Kilograms",,"
                Grocery & Gourmet Food
            ,
                Produce
            ,
                Dried Fruits & Vegetables
            ,
                Dried Fruits
            ,
                 Dried Mixed Fruits
             "
B082DC3F12,"Fresh Produce Potato Economy PKD, 1 kg",https://m.media-amazon.com/images/I/41cJ1yKi9nL.jpg,,," The potato skin is a concentrated source of dietary fiber  , If only for its high concentration of vitamin B6  , the potato earns high marks as a health-promoting food  ","Brand: Fresh Produce,Weight: 1000 Grams,Temperature Condition: Fresh,Number of Pieces: 1",,"
                Grocery & Gourmet Food
            ,
                Produce
            ,
                Fresh Vegetables
            ,
                 Onions & Shallots
             "
B07FRCR248,"Fresh Produce Lady Finger/Okra, 500 g",https://m.media-amazon.com/images/I/41KmDRnJXsL.jpg,4.1,535 ratings," Fresh Produce Okra, 500g Pack  ","Brand: Fresh Produce,Weight: 500 Grams,Temperature Condition: Fresh",,"
                Grocery & Gourmet Food
            ,
                Produce
            ,
                Fresh Vegetables
            ,
                 Peas & Beans
             "
B010OVWTA8,"Cauliflower, 1 Ct.",https://m.media-amazon.com/images/I/512HowoEmxL.jpg,,, Product of United States of America  ,,,"
                Grocery & Gourmet Food
            ,
                Produce
            ,
                 Fresh Vegetables
             "
B010OVSMV8,"Red Pepper, 1 Each",https://m.media-amazon.com/images/I/41tZQUU+lML.jpg,3.4,3 ratings, Product of United States of America  ,"Brand: Fresh Produce,Weight: 0.5 Pounds,Variety: Red Pepper",,"
                Grocery & Gourmet Food
            ,
                Produce
            ,
                Fresh Vegetables
            ,
                Peppers
            ,
                 Bell Peppers
             "
B07R8GZ7HK,"Fresh Fruit and Healthy Snack Box, Branch to Box - Medium",https://m.media-amazon.com/images/I/415bwaMG8TL.jpg,4.2,860 ratings," Designed for workplaces, Branch to Box delivers an assortment of quality, ready to eat fruit to fuel your team.  , 30+ servings of fruit & healthy snacks - Ideal for an office of 7-10 people  , 20-24 pieces of fruit; Each box will always have apples, pears, and citrus + the best seasonal fruits including but not limited to: bananas, peaches, plums, nectairnes, grapes, grapefruit, avaocado, mango and kiwi.  , 8 x 1.5oz Single-Serve Bags of Healthy ""Snackettes"". (Examples include: dried fruit, nuts, trail mix, granola and other desk-friendly snacks)  , Card messaging available at checkout. Please refer to alternate images for instructions on how to add card in Amazon checkout.  ",," Flavor: , Fruit & Snacks - Medium Box ","
                Grocery & Gourmet Food
            ,
                Food & Beverage Gifts
            ,
                 Fruit & Nut Gifts
             "
